--
-- PostgreSQL database dump
--

-- Dumped from database version 16.6
-- Dumped by pg_dump version 16.6 (Homebrew)

SET statement_timeout = 0;
SET lock_timeout = 0;
SET idle_in_transaction_session_timeout = 0;
SET client_encoding = 'UTF8';
SET standard_conforming_strings = on;
SELECT pg_catalog.set_config('search_path', '', false);
SET check_function_bodies = false;
SET xmloption = content;
SET client_min_messages = warning;
SET row_security = off;

SET default_tablespace = '';

SET default_table_access_method = heap;

--
-- Name: api_chat; Type: TABLE; Schema: public; Owner: avnadmin
--

CREATE TABLE public.api_chat (
    id integer NOT NULL,
    created_at timestamp with time zone NOT NULL,
    updated_at timestamp with time zone NOT NULL,
    order_id_id integer NOT NULL
);


ALTER TABLE public.api_chat OWNER TO avnadmin;

--
-- Name: api_chat_id_seq; Type: SEQUENCE; Schema: public; Owner: avnadmin
--

ALTER TABLE public.api_chat ALTER COLUMN id ADD GENERATED BY DEFAULT AS IDENTITY (
    SEQUENCE NAME public.api_chat_id_seq
    START WITH 1
    INCREMENT BY 1
    NO MINVALUE
    NO MAXVALUE
    CACHE 1
);


--
-- Name: api_clothingitem; Type: TABLE; Schema: public; Owner: avnadmin
--

CREATE TABLE public.api_clothingitem (
    id integer NOT NULL,
    created_at timestamp with time zone NOT NULL,
    updated_at timestamp with time zone NOT NULL,
    photo bytea NOT NULL,
    description text NOT NULL,
    color character varying(50) NOT NULL,
    gender character varying(20) NOT NULL,
    size character varying(10) NOT NULL,
    season character varying(20) NOT NULL,
    donor_id_id integer NOT NULL
);


ALTER TABLE public.api_clothingitem OWNER TO avnadmin;

--
-- Name: api_clothingitem_id_seq; Type: SEQUENCE; Schema: public; Owner: avnadmin
--

ALTER TABLE public.api_clothingitem ALTER COLUMN id ADD GENERATED BY DEFAULT AS IDENTITY (
    SEQUENCE NAME public.api_clothingitem_id_seq
    START WITH 1
    INCREMENT BY 1
    NO MINVALUE
    NO MAXVALUE
    CACHE 1
);


--
-- Name: api_message; Type: TABLE; Schema: public; Owner: avnadmin
--

CREATE TABLE public.api_message (
    id integer NOT NULL,
    created_at timestamp with time zone NOT NULL,
    updated_at timestamp with time zone NOT NULL,
    message text NOT NULL,
    chat_id_id integer NOT NULL,
    sender_id_id integer NOT NULL
);


ALTER TABLE public.api_message OWNER TO avnadmin;

--
-- Name: api_message_id_seq; Type: SEQUENCE; Schema: public; Owner: avnadmin
--

ALTER TABLE public.api_message ALTER COLUMN id ADD GENERATED BY DEFAULT AS IDENTITY (
    SEQUENCE NAME public.api_message_id_seq
    START WITH 1
    INCREMENT BY 1
    NO MINVALUE
    NO MAXVALUE
    CACHE 1
);


--
-- Name: api_order; Type: TABLE; Schema: public; Owner: avnadmin
--

CREATE TABLE public.api_order (
    id integer NOT NULL,
    created_at timestamp with time zone NOT NULL,
    updated_at timestamp with time zone NOT NULL,
    status character varying(50) NOT NULL,
    beneficiary_id_id integer NOT NULL,
    clothing_item_id_id integer NOT NULL
);


ALTER TABLE public.api_order OWNER TO avnadmin;

--
-- Name: api_order_id_seq; Type: SEQUENCE; Schema: public; Owner: avnadmin
--

ALTER TABLE public.api_order ALTER COLUMN id ADD GENERATED BY DEFAULT AS IDENTITY (
    SEQUENCE NAME public.api_order_id_seq
    START WITH 1
    INCREMENT BY 1
    NO MINVALUE
    NO MAXVALUE
    CACHE 1
);


--
-- Name: api_review; Type: TABLE; Schema: public; Owner: avnadmin
--

CREATE TABLE public.api_review (
    id integer NOT NULL,
    created_at timestamp with time zone NOT NULL,
    updated_at timestamp with time zone NOT NULL,
    rating integer NOT NULL,
    comment text NOT NULL,
    reviewed_id_id integer NOT NULL,
    reviewer_id_id integer NOT NULL
);


ALTER TABLE public.api_review OWNER TO avnadmin;

--
-- Name: api_review_id_seq; Type: SEQUENCE; Schema: public; Owner: avnadmin
--

ALTER TABLE public.api_review ALTER COLUMN id ADD GENERATED BY DEFAULT AS IDENTITY (
    SEQUENCE NAME public.api_review_id_seq
    START WITH 1
    INCREMENT BY 1
    NO MINVALUE
    NO MAXVALUE
    CACHE 1
);


--
-- Name: api_user; Type: TABLE; Schema: public; Owner: avnadmin
--

CREATE TABLE public.api_user (
    created_at timestamp with time zone NOT NULL,
    updated_at timestamp with time zone NOT NULL,
    id integer NOT NULL,
    email character varying(254) NOT NULL,
    cpf character varying(14) NOT NULL,
    address text NOT NULL,
    preferences jsonb NOT NULL,
    date_joined timestamp with time zone NOT NULL,
    first_name character varying(150) NOT NULL,
    is_active boolean NOT NULL,
    is_staff boolean NOT NULL,
    is_superuser boolean NOT NULL,
    last_login timestamp with time zone,
    last_name character varying(150) NOT NULL,
    password character varying(128) NOT NULL,
    username character varying(150) NOT NULL
);


ALTER TABLE public.api_user OWNER TO avnadmin;

--
-- Name: api_user_groups; Type: TABLE; Schema: public; Owner: avnadmin
--

CREATE TABLE public.api_user_groups (
    id bigint NOT NULL,
    user_id integer NOT NULL,
    group_id integer NOT NULL
);


ALTER TABLE public.api_user_groups OWNER TO avnadmin;

--
-- Name: api_user_groups_id_seq; Type: SEQUENCE; Schema: public; Owner: avnadmin
--

ALTER TABLE public.api_user_groups ALTER COLUMN id ADD GENERATED BY DEFAULT AS IDENTITY (
    SEQUENCE NAME public.api_user_groups_id_seq
    START WITH 1
    INCREMENT BY 1
    NO MINVALUE
    NO MAXVALUE
    CACHE 1
);


--
-- Name: api_user_id_seq; Type: SEQUENCE; Schema: public; Owner: avnadmin
--

ALTER TABLE public.api_user ALTER COLUMN id ADD GENERATED BY DEFAULT AS IDENTITY (
    SEQUENCE NAME public.api_user_id_seq
    START WITH 1
    INCREMENT BY 1
    NO MINVALUE
    NO MAXVALUE
    CACHE 1
);


--
-- Name: api_user_user_permissions; Type: TABLE; Schema: public; Owner: avnadmin
--

CREATE TABLE public.api_user_user_permissions (
    id bigint NOT NULL,
    user_id integer NOT NULL,
    permission_id integer NOT NULL
);


ALTER TABLE public.api_user_user_permissions OWNER TO avnadmin;

--
-- Name: api_user_user_permissions_id_seq; Type: SEQUENCE; Schema: public; Owner: avnadmin
--

ALTER TABLE public.api_user_user_permissions ALTER COLUMN id ADD GENERATED BY DEFAULT AS IDENTITY (
    SEQUENCE NAME public.api_user_user_permissions_id_seq
    START WITH 1
    INCREMENT BY 1
    NO MINVALUE
    NO MAXVALUE
    CACHE 1
);


--
-- Name: auth_group; Type: TABLE; Schema: public; Owner: avnadmin
--

CREATE TABLE public.auth_group (
    id integer NOT NULL,
    name character varying(150) NOT NULL
);


ALTER TABLE public.auth_group OWNER TO avnadmin;

--
-- Name: auth_group_id_seq; Type: SEQUENCE; Schema: public; Owner: avnadmin
--

ALTER TABLE public.auth_group ALTER COLUMN id ADD GENERATED BY DEFAULT AS IDENTITY (
    SEQUENCE NAME public.auth_group_id_seq
    START WITH 1
    INCREMENT BY 1
    NO MINVALUE
    NO MAXVALUE
    CACHE 1
);


--
-- Name: auth_group_permissions; Type: TABLE; Schema: public; Owner: avnadmin
--

CREATE TABLE public.auth_group_permissions (
    id bigint NOT NULL,
    group_id integer NOT NULL,
    permission_id integer NOT NULL
);


ALTER TABLE public.auth_group_permissions OWNER TO avnadmin;

--
-- Name: auth_group_permissions_id_seq; Type: SEQUENCE; Schema: public; Owner: avnadmin
--

ALTER TABLE public.auth_group_permissions ALTER COLUMN id ADD GENERATED BY DEFAULT AS IDENTITY (
    SEQUENCE NAME public.auth_group_permissions_id_seq
    START WITH 1
    INCREMENT BY 1
    NO MINVALUE
    NO MAXVALUE
    CACHE 1
);


--
-- Name: auth_permission; Type: TABLE; Schema: public; Owner: avnadmin
--

CREATE TABLE public.auth_permission (
    id integer NOT NULL,
    name character varying(255) NOT NULL,
    content_type_id integer NOT NULL,
    codename character varying(100) NOT NULL
);


ALTER TABLE public.auth_permission OWNER TO avnadmin;

--
-- Name: auth_permission_id_seq; Type: SEQUENCE; Schema: public; Owner: avnadmin
--

ALTER TABLE public.auth_permission ALTER COLUMN id ADD GENERATED BY DEFAULT AS IDENTITY (
    SEQUENCE NAME public.auth_permission_id_seq
    START WITH 1
    INCREMENT BY 1
    NO MINVALUE
    NO MAXVALUE
    CACHE 1
);


--
-- Name: auth_user; Type: TABLE; Schema: public; Owner: avnadmin
--

CREATE TABLE public.auth_user (
    id integer NOT NULL,
    password character varying(128) NOT NULL,
    last_login timestamp with time zone,
    is_superuser boolean NOT NULL,
    username character varying(150) NOT NULL,
    first_name character varying(150) NOT NULL,
    last_name character varying(150) NOT NULL,
    email character varying(254) NOT NULL,
    is_staff boolean NOT NULL,
    is_active boolean NOT NULL,
    date_joined timestamp with time zone NOT NULL
);


ALTER TABLE public.auth_user OWNER TO avnadmin;

--
-- Name: auth_user_groups; Type: TABLE; Schema: public; Owner: avnadmin
--

CREATE TABLE public.auth_user_groups (
    id bigint NOT NULL,
    user_id integer NOT NULL,
    group_id integer NOT NULL
);


ALTER TABLE public.auth_user_groups OWNER TO avnadmin;

--
-- Name: auth_user_groups_id_seq; Type: SEQUENCE; Schema: public; Owner: avnadmin
--

ALTER TABLE public.auth_user_groups ALTER COLUMN id ADD GENERATED BY DEFAULT AS IDENTITY (
    SEQUENCE NAME public.auth_user_groups_id_seq
    START WITH 1
    INCREMENT BY 1
    NO MINVALUE
    NO MAXVALUE
    CACHE 1
);


--
-- Name: auth_user_id_seq; Type: SEQUENCE; Schema: public; Owner: avnadmin
--

ALTER TABLE public.auth_user ALTER COLUMN id ADD GENERATED BY DEFAULT AS IDENTITY (
    SEQUENCE NAME public.auth_user_id_seq
    START WITH 1
    INCREMENT BY 1
    NO MINVALUE
    NO MAXVALUE
    CACHE 1
);


--
-- Name: auth_user_user_permissions; Type: TABLE; Schema: public; Owner: avnadmin
--

CREATE TABLE public.auth_user_user_permissions (
    id bigint NOT NULL,
    user_id integer NOT NULL,
    permission_id integer NOT NULL
);


ALTER TABLE public.auth_user_user_permissions OWNER TO avnadmin;

--
-- Name: auth_user_user_permissions_id_seq; Type: SEQUENCE; Schema: public; Owner: avnadmin
--

ALTER TABLE public.auth_user_user_permissions ALTER COLUMN id ADD GENERATED BY DEFAULT AS IDENTITY (
    SEQUENCE NAME public.auth_user_user_permissions_id_seq
    START WITH 1
    INCREMENT BY 1
    NO MINVALUE
    NO MAXVALUE
    CACHE 1
);


--
-- Name: django_admin_log; Type: TABLE; Schema: public; Owner: avnadmin
--

CREATE TABLE public.django_admin_log (
    id integer NOT NULL,
    action_time timestamp with time zone NOT NULL,
    object_id text,
    object_repr character varying(200) NOT NULL,
    action_flag smallint NOT NULL,
    change_message text NOT NULL,
    content_type_id integer,
    user_id integer NOT NULL,
    CONSTRAINT django_admin_log_action_flag_check CHECK ((action_flag >= 0))
);


ALTER TABLE public.django_admin_log OWNER TO avnadmin;

--
-- Name: django_admin_log_id_seq; Type: SEQUENCE; Schema: public; Owner: avnadmin
--

ALTER TABLE public.django_admin_log ALTER COLUMN id ADD GENERATED BY DEFAULT AS IDENTITY (
    SEQUENCE NAME public.django_admin_log_id_seq
    START WITH 1
    INCREMENT BY 1
    NO MINVALUE
    NO MAXVALUE
    CACHE 1
);


--
-- Name: django_content_type; Type: TABLE; Schema: public; Owner: avnadmin
--

CREATE TABLE public.django_content_type (
    id integer NOT NULL,
    app_label character varying(100) NOT NULL,
    model character varying(100) NOT NULL
);


ALTER TABLE public.django_content_type OWNER TO avnadmin;

--
-- Name: django_content_type_id_seq; Type: SEQUENCE; Schema: public; Owner: avnadmin
--

ALTER TABLE public.django_content_type ALTER COLUMN id ADD GENERATED BY DEFAULT AS IDENTITY (
    SEQUENCE NAME public.django_content_type_id_seq
    START WITH 1
    INCREMENT BY 1
    NO MINVALUE
    NO MAXVALUE
    CACHE 1
);


--
-- Name: django_migrations; Type: TABLE; Schema: public; Owner: avnadmin
--

CREATE TABLE public.django_migrations (
    id bigint NOT NULL,
    app character varying(255) NOT NULL,
    name character varying(255) NOT NULL,
    applied timestamp with time zone NOT NULL
);


ALTER TABLE public.django_migrations OWNER TO avnadmin;

--
-- Name: django_migrations_id_seq; Type: SEQUENCE; Schema: public; Owner: avnadmin
--

ALTER TABLE public.django_migrations ALTER COLUMN id ADD GENERATED BY DEFAULT AS IDENTITY (
    SEQUENCE NAME public.django_migrations_id_seq
    START WITH 1
    INCREMENT BY 1
    NO MINVALUE
    NO MAXVALUE
    CACHE 1
);


--
-- Name: django_session; Type: TABLE; Schema: public; Owner: avnadmin
--

CREATE TABLE public.django_session (
    session_key character varying(40) NOT NULL,
    session_data text NOT NULL,
    expire_date timestamp with time zone NOT NULL
);


ALTER TABLE public.django_session OWNER TO avnadmin;

--
-- Data for Name: api_chat; Type: TABLE DATA; Schema: public; Owner: avnadmin
--

COPY public.api_chat (id, created_at, updated_at, order_id_id) FROM stdin;
\.


--
-- Data for Name: api_clothingitem; Type: TABLE DATA; Schema: public; Owner: avnadmin
--

COPY public.api_clothingitem (id, created_at, updated_at, photo, description, color, gender, size, season, donor_id_id) FROM stdin;
3	2025-01-07 01:03:48.367439+00	2025-01-07 01:03:48.367608+00	\\x	Calça	Azul	male	S	spring	8
4	2025-01-07 01:37:45.463484+00	2025-01-07 01:37:45.463608+00	\\x	Regata	Branca	male	S	summer	8
5	2025-01-07 01:55:08.835588+00	2025-01-07 01:55:08.835734+00	\\x	Camisa de algodão	Branco	male	S	summer	8
6	2025-01-07 01:55:32.958257+00	2025-01-07 01:55:32.958323+00	\\x	Jaqueta Jeans	Azul	male	M	fall	8
7	2025-01-07 01:55:56.682848+00	2025-01-07 01:55:56.682878+00	\\x	Vestido Floral	Rosa	female	L	spring	8
8	2025-01-07 01:56:19.374235+00	2025-01-07 01:56:19.374255+00	\\x	Calça de Sarja	Cinza	male	XL	winter	8
9	2025-01-07 01:56:39.215505+00	2025-01-07 01:56:39.215533+00	\\x	Blusa de manga longa	Preto	female	S	fall	8
10	2025-01-07 01:56:56.189246+00	2025-01-07 01:56:56.189304+00	\\x	Saia	Preto	female	M	spring	8
11	2025-01-07 01:57:31.684987+00	2025-01-07 01:57:31.685036+00	\\x	Casaco de Lã	Marrom	female	L	winter	8
12	2025-01-07 01:58:48.926528+00	2025-01-07 01:58:48.9266+00	\\x	Camiseta com estampa	Amarelo	male	L	summer	8
13	2025-01-07 02:00:35.108228+00	2025-01-07 02:00:35.108301+00	\\x	Blusa de Tricô	Vermelho	female	XL	fall	8
14	2025-01-07 02:02:03.283253+00	2025-01-07 02:02:03.283308+00	\\x	Bermuda Cargo	Verde	male	M	summer	8
15	2025-01-07 03:57:12.42353+00	2025-01-07 03:57:12.423594+00	\\x	Casaco de Lã	Azul	male	M	winter	8
16	2025-01-07 03:57:36.970929+00	2025-01-07 03:57:36.97098+00	\\x	Camisa de Algodão	Branca	female	L	spring	8
17	2025-01-07 04:56:31.186838+00	2025-01-07 04:56:31.186937+00	\\x	Saia	Azul	female	L	summer	8
18	2025-01-08 13:54:06.989326+00	2025-01-08 13:54:06.989507+00	\\x	Calça	Azul	male	S	spring	8
\.


--
-- Data for Name: api_message; Type: TABLE DATA; Schema: public; Owner: avnadmin
--

COPY public.api_message (id, created_at, updated_at, message, chat_id_id, sender_id_id) FROM stdin;
\.


--
-- Data for Name: api_order; Type: TABLE DATA; Schema: public; Owner: avnadmin
--

COPY public.api_order (id, created_at, updated_at, status, beneficiary_id_id, clothing_item_id_id) FROM stdin;
\.


--
-- Data for Name: api_review; Type: TABLE DATA; Schema: public; Owner: avnadmin
--

COPY public.api_review (id, created_at, updated_at, rating, comment, reviewed_id_id, reviewer_id_id) FROM stdin;
\.


--
-- Data for Name: api_user; Type: TABLE DATA; Schema: public; Owner: avnadmin
--

COPY public.api_user (created_at, updated_at, id, email, cpf, address, preferences, date_joined, first_name, is_active, is_staff, is_superuser, last_login, last_name, password, username) FROM stdin;
2024-12-18 08:53:51.556614+00	2024-12-18 08:53:51.556636+00	7	raphaeljoao02@gmail.com			{}	2024-12-18 08:53:49.223439+00		t	f	f	\N		pbkdf2_sha256$870000$djBSmk5AWiynbeiSMZdg5X$roTJK+WvN/UclcXdg8Z3TEzEKZSAGEJMnaGY39NiRvU=	raphaeljjoao
2024-12-18 09:06:57.171153+00	2024-12-18 09:06:57.171164+00	8	gpransteted@gmail.com	12345678911		{}	2024-12-18 09:06:53.200001+00		t	f	f	\N		pbkdf2_sha256$870000$OMAy19KiwbnVaWTHS1lnDG$odUx7uD+7EvvHJk8nQT6UIOAei5PA18Yq1IHjKvo40c=	pransteteg
2025-01-04 22:26:27.647859+00	2025-01-04 22:26:27.647865+00	10	gustavoneves@gmail.com			{}	2025-01-04 22:26:27.434458+00	Gustavo	t	f	f	\N	Neves	pbkdf2_sha256$870000$T0oXry4W93GcVgqjURRV4X$9+Hmi8vbfVC1FdsZFJFlXnanRrNtCVJ93PBbqkIh91k=	gustavoneves
2025-01-04 22:27:59.362905+00	2025-01-04 22:27:59.36291+00	11	mariasilva@gmail.com	98765432100	Avenida Central, 456, Centro, Cidade XYZ	{}	2025-01-04 22:27:59.153755+00	Maria	t	f	f	\N	Silva	pbkdf2_sha256$870000$fLuQxtOIbrEpj1AWBiHZIB$wD73jNQGZHNTbxBr0Db0PLFTwNwy51iZxK8TGoXMfUg=	mariasilva
\.


--
-- Data for Name: api_user_groups; Type: TABLE DATA; Schema: public; Owner: avnadmin
--

COPY public.api_user_groups (id, user_id, group_id) FROM stdin;
\.


--
-- Data for Name: api_user_user_permissions; Type: TABLE DATA; Schema: public; Owner: avnadmin
--

COPY public.api_user_user_permissions (id, user_id, permission_id) FROM stdin;
\.


--
-- Data for Name: auth_group; Type: TABLE DATA; Schema: public; Owner: avnadmin
--

COPY public.auth_group (id, name) FROM stdin;
\.


--
-- Data for Name: auth_group_permissions; Type: TABLE DATA; Schema: public; Owner: avnadmin
--

COPY public.auth_group_permissions (id, group_id, permission_id) FROM stdin;
\.


--
-- Data for Name: auth_permission; Type: TABLE DATA; Schema: public; Owner: avnadmin
--

COPY public.auth_permission (id, name, content_type_id, codename) FROM stdin;
1	Can add log entry	1	add_logentry
2	Can change log entry	1	change_logentry
3	Can delete log entry	1	delete_logentry
4	Can view log entry	1	view_logentry
5	Can add permission	2	add_permission
6	Can change permission	2	change_permission
7	Can delete permission	2	delete_permission
8	Can view permission	2	view_permission
9	Can add group	3	add_group
10	Can change group	3	change_group
11	Can delete group	3	delete_group
12	Can view group	3	view_group
13	Can add user	4	add_user
14	Can change user	4	change_user
15	Can delete user	4	delete_user
16	Can view user	4	view_user
17	Can add content type	5	add_contenttype
18	Can change content type	5	change_contenttype
19	Can delete content type	5	delete_contenttype
20	Can view content type	5	view_contenttype
21	Can add session	6	add_session
22	Can change session	6	change_session
23	Can delete session	6	delete_session
24	Can view session	6	view_session
25	Can add user	7	add_user
26	Can change user	7	change_user
27	Can delete user	7	delete_user
28	Can view user	7	view_user
29	Can add clothing item	8	add_clothingitem
30	Can change clothing item	8	change_clothingitem
31	Can delete clothing item	8	delete_clothingitem
32	Can view clothing item	8	view_clothingitem
33	Can add order	9	add_order
34	Can change order	9	change_order
35	Can delete order	9	delete_order
36	Can view order	9	view_order
37	Can add review	10	add_review
38	Can change review	10	change_review
39	Can delete review	10	delete_review
40	Can view review	10	view_review
41	Can add chat	11	add_chat
42	Can change chat	11	change_chat
43	Can delete chat	11	delete_chat
44	Can view chat	11	view_chat
45	Can add message	12	add_message
46	Can change message	12	change_message
47	Can delete message	12	delete_message
48	Can view message	12	view_message
\.


--
-- Data for Name: auth_user; Type: TABLE DATA; Schema: public; Owner: avnadmin
--

COPY public.auth_user (id, password, last_login, is_superuser, username, first_name, last_name, email, is_staff, is_active, date_joined) FROM stdin;
\.


--
-- Data for Name: auth_user_groups; Type: TABLE DATA; Schema: public; Owner: avnadmin
--

COPY public.auth_user_groups (id, user_id, group_id) FROM stdin;
\.


--
-- Data for Name: auth_user_user_permissions; Type: TABLE DATA; Schema: public; Owner: avnadmin
--

COPY public.auth_user_user_permissions (id, user_id, permission_id) FROM stdin;
\.


--
-- Data for Name: django_admin_log; Type: TABLE DATA; Schema: public; Owner: avnadmin
--

COPY public.django_admin_log (id, action_time, object_id, object_repr, action_flag, change_message, content_type_id, user_id) FROM stdin;
\.


--
-- Data for Name: django_content_type; Type: TABLE DATA; Schema: public; Owner: avnadmin
--

COPY public.django_content_type (id, app_label, model) FROM stdin;
1	admin	logentry
2	auth	permission
3	auth	group
4	auth	user
5	contenttypes	contenttype
6	sessions	session
7	api	user
8	api	clothingitem
9	api	order
10	api	review
11	api	chat
12	api	message
\.


--
-- Data for Name: django_migrations; Type: TABLE DATA; Schema: public; Owner: avnadmin
--

COPY public.django_migrations (id, app, name, applied) FROM stdin;
1	contenttypes	0001_initial	2024-12-17 06:15:30.700446+00
2	auth	0001_initial	2024-12-17 06:15:35.594008+00
3	admin	0001_initial	2024-12-17 06:15:36.890639+00
4	admin	0002_logentry_remove_auto_add	2024-12-17 06:15:37.05879+00
5	admin	0003_logentry_add_action_flag_choices	2024-12-17 06:15:37.549978+00
6	api	0001_initial	2024-12-17 06:15:38.355222+00
7	contenttypes	0002_remove_content_type_name	2024-12-17 06:15:39.168738+00
8	auth	0002_alter_permission_name_max_length	2024-12-17 06:15:39.813482+00
9	auth	0003_alter_user_email_max_length	2024-12-17 06:15:40.458096+00
10	auth	0004_alter_user_username_opts	2024-12-17 06:15:40.781692+00
11	auth	0005_alter_user_last_login_null	2024-12-17 06:15:41.586672+00
12	auth	0006_require_contenttypes_0002	2024-12-17 06:15:41.907213+00
13	auth	0007_alter_validators_add_error_messages	2024-12-17 06:15:42.391364+00
14	auth	0008_alter_user_username_max_length	2024-12-17 06:15:43.203042+00
15	auth	0009_alter_user_last_name_max_length	2024-12-17 06:15:43.849344+00
16	auth	0010_alter_group_name_max_length	2024-12-17 06:15:44.494867+00
17	auth	0011_update_proxy_permissions	2024-12-17 06:15:44.821433+00
18	auth	0012_alter_user_first_name_max_length	2024-12-17 06:15:45.624371+00
19	sessions	0001_initial	2024-12-17 06:15:46.759437+00
20	api	0002_rename_endereco_user_address_rename_nome_user_name_and_more	2024-12-17 07:05:40.504347+00
21	api	0003_clothingitem	2024-12-17 07:05:41.664011+00
22	api	0004_order	2024-12-17 07:05:42.965064+00
23	api	0005_review	2024-12-17 07:05:44.257026+00
24	api	0006_chat	2024-12-17 07:05:45.231033+00
25	api	0007_message	2024-12-17 07:05:46.524483+00
26	api	0008_alter_user_options_alter_user_managers_and_more	2024-12-18 08:18:05.90655+00
27	api	0009_alter_user_preferences	2024-12-18 08:53:21.409044+00
28	api	0010_alter_clothingitem_gender_alter_clothingitem_season_and_more	2025-01-04 22:16:51.662948+00
\.


--
-- Data for Name: django_session; Type: TABLE DATA; Schema: public; Owner: avnadmin
--

COPY public.django_session (session_key, session_data, expire_date) FROM stdin;
\.


--
-- Name: api_chat_id_seq; Type: SEQUENCE SET; Schema: public; Owner: avnadmin
--

SELECT pg_catalog.setval('public.api_chat_id_seq', 1, false);


--
-- Name: api_clothingitem_id_seq; Type: SEQUENCE SET; Schema: public; Owner: avnadmin
--

SELECT pg_catalog.setval('public.api_clothingitem_id_seq', 18, true);


--
-- Name: api_message_id_seq; Type: SEQUENCE SET; Schema: public; Owner: avnadmin
--

SELECT pg_catalog.setval('public.api_message_id_seq', 1, false);


--
-- Name: api_order_id_seq; Type: SEQUENCE SET; Schema: public; Owner: avnadmin
--

SELECT pg_catalog.setval('public.api_order_id_seq', 2, true);


--
-- Name: api_review_id_seq; Type: SEQUENCE SET; Schema: public; Owner: avnadmin
--

SELECT pg_catalog.setval('public.api_review_id_seq', 1, false);


--
-- Name: api_user_groups_id_seq; Type: SEQUENCE SET; Schema: public; Owner: avnadmin
--

SELECT pg_catalog.setval('public.api_user_groups_id_seq', 1, false);


--
-- Name: api_user_id_seq; Type: SEQUENCE SET; Schema: public; Owner: avnadmin
--

SELECT pg_catalog.setval('public.api_user_id_seq', 11, true);


--
-- Name: api_user_user_permissions_id_seq; Type: SEQUENCE SET; Schema: public; Owner: avnadmin
--

SELECT pg_catalog.setval('public.api_user_user_permissions_id_seq', 1, false);


--
-- Name: auth_group_id_seq; Type: SEQUENCE SET; Schema: public; Owner: avnadmin
--

SELECT pg_catalog.setval('public.auth_group_id_seq', 1, false);


--
-- Name: auth_group_permissions_id_seq; Type: SEQUENCE SET; Schema: public; Owner: avnadmin
--

SELECT pg_catalog.setval('public.auth_group_permissions_id_seq', 1, false);


--
-- Name: auth_permission_id_seq; Type: SEQUENCE SET; Schema: public; Owner: avnadmin
--

SELECT pg_catalog.setval('public.auth_permission_id_seq', 48, true);


--
-- Name: auth_user_groups_id_seq; Type: SEQUENCE SET; Schema: public; Owner: avnadmin
--

SELECT pg_catalog.setval('public.auth_user_groups_id_seq', 1, false);


--
-- Name: auth_user_id_seq; Type: SEQUENCE SET; Schema: public; Owner: avnadmin
--

SELECT pg_catalog.setval('public.auth_user_id_seq', 1, false);


--
-- Name: auth_user_user_permissions_id_seq; Type: SEQUENCE SET; Schema: public; Owner: avnadmin
--

SELECT pg_catalog.setval('public.auth_user_user_permissions_id_seq', 1, false);


--
-- Name: django_admin_log_id_seq; Type: SEQUENCE SET; Schema: public; Owner: avnadmin
--

SELECT pg_catalog.setval('public.django_admin_log_id_seq', 1, false);


--
-- Name: django_content_type_id_seq; Type: SEQUENCE SET; Schema: public; Owner: avnadmin
--

SELECT pg_catalog.setval('public.django_content_type_id_seq', 12, true);


--
-- Name: django_migrations_id_seq; Type: SEQUENCE SET; Schema: public; Owner: avnadmin
--

SELECT pg_catalog.setval('public.django_migrations_id_seq', 28, true);


--
-- Name: api_chat api_chat_pkey; Type: CONSTRAINT; Schema: public; Owner: avnadmin
--

ALTER TABLE ONLY public.api_chat
    ADD CONSTRAINT api_chat_pkey PRIMARY KEY (id);


--
-- Name: api_clothingitem api_clothingitem_pkey; Type: CONSTRAINT; Schema: public; Owner: avnadmin
--

ALTER TABLE ONLY public.api_clothingitem
    ADD CONSTRAINT api_clothingitem_pkey PRIMARY KEY (id);


--
-- Name: api_message api_message_pkey; Type: CONSTRAINT; Schema: public; Owner: avnadmin
--

ALTER TABLE ONLY public.api_message
    ADD CONSTRAINT api_message_pkey PRIMARY KEY (id);


--
-- Name: api_order api_order_pkey; Type: CONSTRAINT; Schema: public; Owner: avnadmin
--

ALTER TABLE ONLY public.api_order
    ADD CONSTRAINT api_order_pkey PRIMARY KEY (id);


--
-- Name: api_review api_review_pkey; Type: CONSTRAINT; Schema: public; Owner: avnadmin
--

ALTER TABLE ONLY public.api_review
    ADD CONSTRAINT api_review_pkey PRIMARY KEY (id);


--
-- Name: api_user_groups api_user_groups_pkey; Type: CONSTRAINT; Schema: public; Owner: avnadmin
--

ALTER TABLE ONLY public.api_user_groups
    ADD CONSTRAINT api_user_groups_pkey PRIMARY KEY (id);


--
-- Name: api_user_groups api_user_groups_user_id_group_id_9c7ddfb5_uniq; Type: CONSTRAINT; Schema: public; Owner: avnadmin
--

ALTER TABLE ONLY public.api_user_groups
    ADD CONSTRAINT api_user_groups_user_id_group_id_9c7ddfb5_uniq UNIQUE (user_id, group_id);


--
-- Name: api_user api_user_pkey; Type: CONSTRAINT; Schema: public; Owner: avnadmin
--

ALTER TABLE ONLY public.api_user
    ADD CONSTRAINT api_user_pkey PRIMARY KEY (id);


--
-- Name: api_user_user_permissions api_user_user_permissions_pkey; Type: CONSTRAINT; Schema: public; Owner: avnadmin
--

ALTER TABLE ONLY public.api_user_user_permissions
    ADD CONSTRAINT api_user_user_permissions_pkey PRIMARY KEY (id);


--
-- Name: api_user_user_permissions api_user_user_permissions_user_id_permission_id_a06dd704_uniq; Type: CONSTRAINT; Schema: public; Owner: avnadmin
--

ALTER TABLE ONLY public.api_user_user_permissions
    ADD CONSTRAINT api_user_user_permissions_user_id_permission_id_a06dd704_uniq UNIQUE (user_id, permission_id);


--
-- Name: api_user api_user_username_key; Type: CONSTRAINT; Schema: public; Owner: avnadmin
--

ALTER TABLE ONLY public.api_user
    ADD CONSTRAINT api_user_username_key UNIQUE (username);


--
-- Name: auth_group auth_group_name_key; Type: CONSTRAINT; Schema: public; Owner: avnadmin
--

ALTER TABLE ONLY public.auth_group
    ADD CONSTRAINT auth_group_name_key UNIQUE (name);


--
-- Name: auth_group_permissions auth_group_permissions_group_id_permission_id_0cd325b0_uniq; Type: CONSTRAINT; Schema: public; Owner: avnadmin
--

ALTER TABLE ONLY public.auth_group_permissions
    ADD CONSTRAINT auth_group_permissions_group_id_permission_id_0cd325b0_uniq UNIQUE (group_id, permission_id);


--
-- Name: auth_group_permissions auth_group_permissions_pkey; Type: CONSTRAINT; Schema: public; Owner: avnadmin
--

ALTER TABLE ONLY public.auth_group_permissions
    ADD CONSTRAINT auth_group_permissions_pkey PRIMARY KEY (id);


--
-- Name: auth_group auth_group_pkey; Type: CONSTRAINT; Schema: public; Owner: avnadmin
--

ALTER TABLE ONLY public.auth_group
    ADD CONSTRAINT auth_group_pkey PRIMARY KEY (id);


--
-- Name: auth_permission auth_permission_content_type_id_codename_01ab375a_uniq; Type: CONSTRAINT; Schema: public; Owner: avnadmin
--

ALTER TABLE ONLY public.auth_permission
    ADD CONSTRAINT auth_permission_content_type_id_codename_01ab375a_uniq UNIQUE (content_type_id, codename);


--
-- Name: auth_permission auth_permission_pkey; Type: CONSTRAINT; Schema: public; Owner: avnadmin
--

ALTER TABLE ONLY public.auth_permission
    ADD CONSTRAINT auth_permission_pkey PRIMARY KEY (id);


--
-- Name: auth_user_groups auth_user_groups_pkey; Type: CONSTRAINT; Schema: public; Owner: avnadmin
--

ALTER TABLE ONLY public.auth_user_groups
    ADD CONSTRAINT auth_user_groups_pkey PRIMARY KEY (id);


--
-- Name: auth_user_groups auth_user_groups_user_id_group_id_94350c0c_uniq; Type: CONSTRAINT; Schema: public; Owner: avnadmin
--

ALTER TABLE ONLY public.auth_user_groups
    ADD CONSTRAINT auth_user_groups_user_id_group_id_94350c0c_uniq UNIQUE (user_id, group_id);


--
-- Name: auth_user auth_user_pkey; Type: CONSTRAINT; Schema: public; Owner: avnadmin
--

ALTER TABLE ONLY public.auth_user
    ADD CONSTRAINT auth_user_pkey PRIMARY KEY (id);


--
-- Name: auth_user_user_permissions auth_user_user_permissions_pkey; Type: CONSTRAINT; Schema: public; Owner: avnadmin
--

ALTER TABLE ONLY public.auth_user_user_permissions
    ADD CONSTRAINT auth_user_user_permissions_pkey PRIMARY KEY (id);


--
-- Name: auth_user_user_permissions auth_user_user_permissions_user_id_permission_id_14a6b632_uniq; Type: CONSTRAINT; Schema: public; Owner: avnadmin
--

ALTER TABLE ONLY public.auth_user_user_permissions
    ADD CONSTRAINT auth_user_user_permissions_user_id_permission_id_14a6b632_uniq UNIQUE (user_id, permission_id);


--
-- Name: auth_user auth_user_username_key; Type: CONSTRAINT; Schema: public; Owner: avnadmin
--

ALTER TABLE ONLY public.auth_user
    ADD CONSTRAINT auth_user_username_key UNIQUE (username);


--
-- Name: django_admin_log django_admin_log_pkey; Type: CONSTRAINT; Schema: public; Owner: avnadmin
--

ALTER TABLE ONLY public.django_admin_log
    ADD CONSTRAINT django_admin_log_pkey PRIMARY KEY (id);


--
-- Name: django_content_type django_content_type_app_label_model_76bd3d3b_uniq; Type: CONSTRAINT; Schema: public; Owner: avnadmin
--

ALTER TABLE ONLY public.django_content_type
    ADD CONSTRAINT django_content_type_app_label_model_76bd3d3b_uniq UNIQUE (app_label, model);


--
-- Name: django_content_type django_content_type_pkey; Type: CONSTRAINT; Schema: public; Owner: avnadmin
--

ALTER TABLE ONLY public.django_content_type
    ADD CONSTRAINT django_content_type_pkey PRIMARY KEY (id);


--
-- Name: django_migrations django_migrations_pkey; Type: CONSTRAINT; Schema: public; Owner: avnadmin
--

ALTER TABLE ONLY public.django_migrations
    ADD CONSTRAINT django_migrations_pkey PRIMARY KEY (id);


--
-- Name: django_session django_session_pkey; Type: CONSTRAINT; Schema: public; Owner: avnadmin
--

ALTER TABLE ONLY public.django_session
    ADD CONSTRAINT django_session_pkey PRIMARY KEY (session_key);


--
-- Name: api_chat_order_id_id_baa8d654; Type: INDEX; Schema: public; Owner: avnadmin
--

CREATE INDEX api_chat_order_id_id_baa8d654 ON public.api_chat USING btree (order_id_id);


--
-- Name: api_clothingitem_donor_id_id_58faa51c; Type: INDEX; Schema: public; Owner: avnadmin
--

CREATE INDEX api_clothingitem_donor_id_id_58faa51c ON public.api_clothingitem USING btree (donor_id_id);


--
-- Name: api_message_chat_id_id_783b5227; Type: INDEX; Schema: public; Owner: avnadmin
--

CREATE INDEX api_message_chat_id_id_783b5227 ON public.api_message USING btree (chat_id_id);


--
-- Name: api_message_sender_id_id_5c1765e3; Type: INDEX; Schema: public; Owner: avnadmin
--

CREATE INDEX api_message_sender_id_id_5c1765e3 ON public.api_message USING btree (sender_id_id);


--
-- Name: api_order_beneficiary_id_id_36e8c9ec; Type: INDEX; Schema: public; Owner: avnadmin
--

CREATE INDEX api_order_beneficiary_id_id_36e8c9ec ON public.api_order USING btree (beneficiary_id_id);


--
-- Name: api_order_clothing_item_id_id_33a513e6; Type: INDEX; Schema: public; Owner: avnadmin
--

CREATE INDEX api_order_clothing_item_id_id_33a513e6 ON public.api_order USING btree (clothing_item_id_id);


--
-- Name: api_review_reviewed_id_id_3bbea28a; Type: INDEX; Schema: public; Owner: avnadmin
--

CREATE INDEX api_review_reviewed_id_id_3bbea28a ON public.api_review USING btree (reviewed_id_id);


--
-- Name: api_review_reviewer_id_id_c99017e7; Type: INDEX; Schema: public; Owner: avnadmin
--

CREATE INDEX api_review_reviewer_id_id_c99017e7 ON public.api_review USING btree (reviewer_id_id);


--
-- Name: api_user_groups_group_id_3af85785; Type: INDEX; Schema: public; Owner: avnadmin
--

CREATE INDEX api_user_groups_group_id_3af85785 ON public.api_user_groups USING btree (group_id);


--
-- Name: api_user_groups_user_id_a5ff39fa; Type: INDEX; Schema: public; Owner: avnadmin
--

CREATE INDEX api_user_groups_user_id_a5ff39fa ON public.api_user_groups USING btree (user_id);


--
-- Name: api_user_user_permissions_permission_id_305b7fea; Type: INDEX; Schema: public; Owner: avnadmin
--

CREATE INDEX api_user_user_permissions_permission_id_305b7fea ON public.api_user_user_permissions USING btree (permission_id);


--
-- Name: api_user_user_permissions_user_id_f3945d65; Type: INDEX; Schema: public; Owner: avnadmin
--

CREATE INDEX api_user_user_permissions_user_id_f3945d65 ON public.api_user_user_permissions USING btree (user_id);


--
-- Name: api_user_username_cf4e88d2_like; Type: INDEX; Schema: public; Owner: avnadmin
--

CREATE INDEX api_user_username_cf4e88d2_like ON public.api_user USING btree (username varchar_pattern_ops);


--
-- Name: auth_group_name_a6ea08ec_like; Type: INDEX; Schema: public; Owner: avnadmin
--

CREATE INDEX auth_group_name_a6ea08ec_like ON public.auth_group USING btree (name varchar_pattern_ops);


--
-- Name: auth_group_permissions_group_id_b120cbf9; Type: INDEX; Schema: public; Owner: avnadmin
--

CREATE INDEX auth_group_permissions_group_id_b120cbf9 ON public.auth_group_permissions USING btree (group_id);


--
-- Name: auth_group_permissions_permission_id_84c5c92e; Type: INDEX; Schema: public; Owner: avnadmin
--

CREATE INDEX auth_group_permissions_permission_id_84c5c92e ON public.auth_group_permissions USING btree (permission_id);


--
-- Name: auth_permission_content_type_id_2f476e4b; Type: INDEX; Schema: public; Owner: avnadmin
--

CREATE INDEX auth_permission_content_type_id_2f476e4b ON public.auth_permission USING btree (content_type_id);


--
-- Name: auth_user_groups_group_id_97559544; Type: INDEX; Schema: public; Owner: avnadmin
--

CREATE INDEX auth_user_groups_group_id_97559544 ON public.auth_user_groups USING btree (group_id);


--
-- Name: auth_user_groups_user_id_6a12ed8b; Type: INDEX; Schema: public; Owner: avnadmin
--

CREATE INDEX auth_user_groups_user_id_6a12ed8b ON public.auth_user_groups USING btree (user_id);


--
-- Name: auth_user_user_permissions_permission_id_1fbb5f2c; Type: INDEX; Schema: public; Owner: avnadmin
--

CREATE INDEX auth_user_user_permissions_permission_id_1fbb5f2c ON public.auth_user_user_permissions USING btree (permission_id);


--
-- Name: auth_user_user_permissions_user_id_a95ead1b; Type: INDEX; Schema: public; Owner: avnadmin
--

CREATE INDEX auth_user_user_permissions_user_id_a95ead1b ON public.auth_user_user_permissions USING btree (user_id);


--
-- Name: auth_user_username_6821ab7c_like; Type: INDEX; Schema: public; Owner: avnadmin
--

CREATE INDEX auth_user_username_6821ab7c_like ON public.auth_user USING btree (username varchar_pattern_ops);


--
-- Name: django_admin_log_content_type_id_c4bce8eb; Type: INDEX; Schema: public; Owner: avnadmin
--

CREATE INDEX django_admin_log_content_type_id_c4bce8eb ON public.django_admin_log USING btree (content_type_id);


--
-- Name: django_admin_log_user_id_c564eba6; Type: INDEX; Schema: public; Owner: avnadmin
--

CREATE INDEX django_admin_log_user_id_c564eba6 ON public.django_admin_log USING btree (user_id);


--
-- Name: django_session_expire_date_a5c62663; Type: INDEX; Schema: public; Owner: avnadmin
--

CREATE INDEX django_session_expire_date_a5c62663 ON public.django_session USING btree (expire_date);


--
-- Name: django_session_session_key_c0390e0f_like; Type: INDEX; Schema: public; Owner: avnadmin
--

CREATE INDEX django_session_session_key_c0390e0f_like ON public.django_session USING btree (session_key varchar_pattern_ops);


--
-- Name: api_chat api_chat_order_id_id_baa8d654_fk_api_order_id; Type: FK CONSTRAINT; Schema: public; Owner: avnadmin
--

ALTER TABLE ONLY public.api_chat
    ADD CONSTRAINT api_chat_order_id_id_baa8d654_fk_api_order_id FOREIGN KEY (order_id_id) REFERENCES public.api_order(id) DEFERRABLE INITIALLY DEFERRED;


--
-- Name: api_clothingitem api_clothingitem_donor_id_id_58faa51c_fk_api_user_id; Type: FK CONSTRAINT; Schema: public; Owner: avnadmin
--

ALTER TABLE ONLY public.api_clothingitem
    ADD CONSTRAINT api_clothingitem_donor_id_id_58faa51c_fk_api_user_id FOREIGN KEY (donor_id_id) REFERENCES public.api_user(id) DEFERRABLE INITIALLY DEFERRED;


--
-- Name: api_message api_message_chat_id_id_783b5227_fk_api_chat_id; Type: FK CONSTRAINT; Schema: public; Owner: avnadmin
--

ALTER TABLE ONLY public.api_message
    ADD CONSTRAINT api_message_chat_id_id_783b5227_fk_api_chat_id FOREIGN KEY (chat_id_id) REFERENCES public.api_chat(id) DEFERRABLE INITIALLY DEFERRED;


--
-- Name: api_message api_message_sender_id_id_5c1765e3_fk_api_user_id; Type: FK CONSTRAINT; Schema: public; Owner: avnadmin
--

ALTER TABLE ONLY public.api_message
    ADD CONSTRAINT api_message_sender_id_id_5c1765e3_fk_api_user_id FOREIGN KEY (sender_id_id) REFERENCES public.api_user(id) DEFERRABLE INITIALLY DEFERRED;


--
-- Name: api_order api_order_beneficiary_id_id_36e8c9ec_fk_api_user_id; Type: FK CONSTRAINT; Schema: public; Owner: avnadmin
--

ALTER TABLE ONLY public.api_order
    ADD CONSTRAINT api_order_beneficiary_id_id_36e8c9ec_fk_api_user_id FOREIGN KEY (beneficiary_id_id) REFERENCES public.api_user(id) DEFERRABLE INITIALLY DEFERRED;


--
-- Name: api_order api_order_clothing_item_id_id_33a513e6_fk_api_clothingitem_id; Type: FK CONSTRAINT; Schema: public; Owner: avnadmin
--

ALTER TABLE ONLY public.api_order
    ADD CONSTRAINT api_order_clothing_item_id_id_33a513e6_fk_api_clothingitem_id FOREIGN KEY (clothing_item_id_id) REFERENCES public.api_clothingitem(id) DEFERRABLE INITIALLY DEFERRED;


--
-- Name: api_review api_review_reviewed_id_id_3bbea28a_fk_api_user_id; Type: FK CONSTRAINT; Schema: public; Owner: avnadmin
--

ALTER TABLE ONLY public.api_review
    ADD CONSTRAINT api_review_reviewed_id_id_3bbea28a_fk_api_user_id FOREIGN KEY (reviewed_id_id) REFERENCES public.api_user(id) DEFERRABLE INITIALLY DEFERRED;


--
-- Name: api_review api_review_reviewer_id_id_c99017e7_fk_api_user_id; Type: FK CONSTRAINT; Schema: public; Owner: avnadmin
--

ALTER TABLE ONLY public.api_review
    ADD CONSTRAINT api_review_reviewer_id_id_c99017e7_fk_api_user_id FOREIGN KEY (reviewer_id_id) REFERENCES public.api_user(id) DEFERRABLE INITIALLY DEFERRED;


--
-- Name: api_user_groups api_user_groups_group_id_3af85785_fk_auth_group_id; Type: FK CONSTRAINT; Schema: public; Owner: avnadmin
--

ALTER TABLE ONLY public.api_user_groups
    ADD CONSTRAINT api_user_groups_group_id_3af85785_fk_auth_group_id FOREIGN KEY (group_id) REFERENCES public.auth_group(id) DEFERRABLE INITIALLY DEFERRED;


--
-- Name: api_user_groups api_user_groups_user_id_a5ff39fa_fk_api_user_id; Type: FK CONSTRAINT; Schema: public; Owner: avnadmin
--

ALTER TABLE ONLY public.api_user_groups
    ADD CONSTRAINT api_user_groups_user_id_a5ff39fa_fk_api_user_id FOREIGN KEY (user_id) REFERENCES public.api_user(id) DEFERRABLE INITIALLY DEFERRED;


--
-- Name: api_user_user_permissions api_user_user_permis_permission_id_305b7fea_fk_auth_perm; Type: FK CONSTRAINT; Schema: public; Owner: avnadmin
--

ALTER TABLE ONLY public.api_user_user_permissions
    ADD CONSTRAINT api_user_user_permis_permission_id_305b7fea_fk_auth_perm FOREIGN KEY (permission_id) REFERENCES public.auth_permission(id) DEFERRABLE INITIALLY DEFERRED;


--
-- Name: api_user_user_permissions api_user_user_permissions_user_id_f3945d65_fk_api_user_id; Type: FK CONSTRAINT; Schema: public; Owner: avnadmin
--

ALTER TABLE ONLY public.api_user_user_permissions
    ADD CONSTRAINT api_user_user_permissions_user_id_f3945d65_fk_api_user_id FOREIGN KEY (user_id) REFERENCES public.api_user(id) DEFERRABLE INITIALLY DEFERRED;


--
-- Name: auth_group_permissions auth_group_permissio_permission_id_84c5c92e_fk_auth_perm; Type: FK CONSTRAINT; Schema: public; Owner: avnadmin
--

ALTER TABLE ONLY public.auth_group_permissions
    ADD CONSTRAINT auth_group_permissio_permission_id_84c5c92e_fk_auth_perm FOREIGN KEY (permission_id) REFERENCES public.auth_permission(id) DEFERRABLE INITIALLY DEFERRED;


--
-- Name: auth_group_permissions auth_group_permissions_group_id_b120cbf9_fk_auth_group_id; Type: FK CONSTRAINT; Schema: public; Owner: avnadmin
--

ALTER TABLE ONLY public.auth_group_permissions
    ADD CONSTRAINT auth_group_permissions_group_id_b120cbf9_fk_auth_group_id FOREIGN KEY (group_id) REFERENCES public.auth_group(id) DEFERRABLE INITIALLY DEFERRED;


--
-- Name: auth_permission auth_permission_content_type_id_2f476e4b_fk_django_co; Type: FK CONSTRAINT; Schema: public; Owner: avnadmin
--

ALTER TABLE ONLY public.auth_permission
    ADD CONSTRAINT auth_permission_content_type_id_2f476e4b_fk_django_co FOREIGN KEY (content_type_id) REFERENCES public.django_content_type(id) DEFERRABLE INITIALLY DEFERRED;


--
-- Name: auth_user_groups auth_user_groups_group_id_97559544_fk_auth_group_id; Type: FK CONSTRAINT; Schema: public; Owner: avnadmin
--

ALTER TABLE ONLY public.auth_user_groups
    ADD CONSTRAINT auth_user_groups_group_id_97559544_fk_auth_group_id FOREIGN KEY (group_id) REFERENCES public.auth_group(id) DEFERRABLE INITIALLY DEFERRED;


--
-- Name: auth_user_groups auth_user_groups_user_id_6a12ed8b_fk_auth_user_id; Type: FK CONSTRAINT; Schema: public; Owner: avnadmin
--

ALTER TABLE ONLY public.auth_user_groups
    ADD CONSTRAINT auth_user_groups_user_id_6a12ed8b_fk_auth_user_id FOREIGN KEY (user_id) REFERENCES public.auth_user(id) DEFERRABLE INITIALLY DEFERRED;


--
-- Name: auth_user_user_permissions auth_user_user_permi_permission_id_1fbb5f2c_fk_auth_perm; Type: FK CONSTRAINT; Schema: public; Owner: avnadmin
--

ALTER TABLE ONLY public.auth_user_user_permissions
    ADD CONSTRAINT auth_user_user_permi_permission_id_1fbb5f2c_fk_auth_perm FOREIGN KEY (permission_id) REFERENCES public.auth_permission(id) DEFERRABLE INITIALLY DEFERRED;


--
-- Name: auth_user_user_permissions auth_user_user_permissions_user_id_a95ead1b_fk_auth_user_id; Type: FK CONSTRAINT; Schema: public; Owner: avnadmin
--

ALTER TABLE ONLY public.auth_user_user_permissions
    ADD CONSTRAINT auth_user_user_permissions_user_id_a95ead1b_fk_auth_user_id FOREIGN KEY (user_id) REFERENCES public.auth_user(id) DEFERRABLE INITIALLY DEFERRED;


--
-- Name: django_admin_log django_admin_log_content_type_id_c4bce8eb_fk_django_co; Type: FK CONSTRAINT; Schema: public; Owner: avnadmin
--

ALTER TABLE ONLY public.django_admin_log
    ADD CONSTRAINT django_admin_log_content_type_id_c4bce8eb_fk_django_co FOREIGN KEY (content_type_id) REFERENCES public.django_content_type(id) DEFERRABLE INITIALLY DEFERRED;


--
-- Name: django_admin_log django_admin_log_user_id_c564eba6_fk_auth_user_id; Type: FK CONSTRAINT; Schema: public; Owner: avnadmin
--

ALTER TABLE ONLY public.django_admin_log
    ADD CONSTRAINT django_admin_log_user_id_c564eba6_fk_auth_user_id FOREIGN KEY (user_id) REFERENCES public.auth_user(id) DEFERRABLE INITIALLY DEFERRED;


--
-- PostgreSQL database dump complete
--

